mid,name,tags
124416,ここにいるよ,AMV,MAD
2,碧诗
692233,OtatoB土豆,土豆,后期制作
10462362,天天卡牌,天天卡牌,炉石传说,守望先锋,逗鱼时刻,午时已到
81414,lucifel
275981,小绝,努力,成为,特别厉害的,人
26366366,哔哩哔哩活动
279991456,靠谱电竞
43536,黑桐谷歌,黑桐谷歌
3334179,我的样子平平无奇
423442,KBShinya,搞笑翻唱,KBShinya
2374194,墨韵Moyun,古筝
3211302,艾尔十六
52250,视角姬,视角姬,VR,VR游戏
562197,中国BOY超级大猩猩,中国BOY
178362496,哔哩哔哩社区小管家
7714,女孩为何穿短裙,短裙
26633150,wlop-
314791153,面筋哥-程书林
10558098,黑镖客梦回
51766,茶几君梦二,九二共识,梦二
15773384,bilibili电影
2884629,oeasy,oeasy,技术宅
585267,纯黑-克劳狄乌斯
349991143,神SめあOfficial
3380239,神奇的老皮,特效,真人,炉石传说,游戏
1605721,允星河Yoseya,后期视频作者,一直选择进步,人生赢家
9617619,哔哩哔哩直播,直播姬
375375,伊丽莎白鼠,鬼畜
32786875,信誓蛋蛋,信誓蛋蛋,外国人,信誓旦旦,法国
8960728,日食记官方
913497,柚子又抽了,喂？,是警察嘛？,这里有个,蛇精病
125526,-LKs-
7875104,千户长生
25876945,极客湾Geekerwan
79061224,刘老师说电影,刘老师,押韵狂魔,护粉狂魔,吐槽狂魔,暖心无出其右
2735222,非桥段
1320523,饭帅fun,MAD,AMV,Re.T,设计师,动漫
132704,反犬TDog
33683045,张召忠
1791101,鲁过一下
730732,瓶子君152
34858100,瞎看什么,瞎看什么,虾菌,虾酱
8047632,哔哩哔哩弹幕网
3766866,科技美学,科技美学,那岩,大家测
374377,泪腺战士
893053,夏一可
38002736,故事王StoryMan
8934654,潇湘公子寻,灰原哀,坂上智代,桔梗,两仪式,阎魔爱
250858633,华农兄弟
26311441,一咸菊菊
43976732,水蛭-JogsLeech,水蛭,JogsLeech
59905809,哦呼w
684169,茶理理理子
8679425,此物天下绝响
9982481,右小死
2733216,中二少年晓凯,动漫杂谈up,扯淡小能手,良心up,从不拖更,还很高产
313485,lieP9
4856007,迷影社
138892,V.R.,揉,GAL,足球,核心向,格斗游戏
32365949,聚印象视频,聚印象,LOL,主播炸了,绝地求生,吃鸡主播
1328260,哔哩哔哩游戏中心,网络游戏,手机游戏,新游预告
2728123,抽风Crazy
168598,逍遥散人,逍遥散人,散人
21837784,阿斗归来了,专业影评人,游戏达人,电影解说,几分钟看电影,分分钟
9008159,花花与三猫CatLive,喵星人,萌宠,养猫少女,花花与三猫,猫
4408538,我是怪异君,怪异君,怪异君毁经典,怪异故事,经典电视剧,毁童年
7475950,豆砸OwO
888465,暗猫の祝福,AMVer,RET,TOS,大会员
32708462,不动的ACG大图书馆
332704117,白上吹雪Official
3066511,特效小哥studio,特效小哥,008
398510,泽野螳螂
19642758,力元君
38294246,抖抖村
748709,Chimera君
32820037,歪果仁研究协会
7349,STN工作室,屎蛋说,游戏,STN快报,屎屎看
174501086,哔哩哔哩会员购
1398957,树深时见鹿dear
120187282,哔哩哔哩动态
1774758,青衣才不是御姐呢
394067394,NathanRich火锅大王,火锅大王
14254182,黑椒墨鱼,只想成为一个有趣的人
433351,EdmundDZhang,老E
2403047,嘟督不噶油,神经病,逗逼,一人役
328303954,梢昂胫_nZk
20503549,doyoudo,音乐,视频,ps,编曲,doyoudo
1351379,赫萝老师,赫萝老师,动漫杂谈,补番推荐,新番吐槽
185546,小可儿,鬼畜,音乐,元首,四欠,电子产品
1770706,瞬间爆炸型LowSing,阶芑,LowSing
99157282,盗月社食遇记,美食,搞笑
2192108,王思妇丶,王思妇,鬼畜,娱乐搞笑,老司机,游戏
20165629,共青团中央,团团
4162287,渗透之C君,恐怖游戏,帅,C菌
53456,Warma,搞笑,游戏,翻唱,实况
20990353,努巴尼守望先锋,守望先锋,overwatch,努巴尼,numbani,努巴尼守望先锋
2206456,花少北丶
67803,oneways,AMV,MAD,SoulsTeam,TOS偶像部,Towiko
3379951,ilem
205795482,WillTV
1643718,山下智博,山下智博,110,绅士大概一分钟
50329118,哔哩哔哩英雄联盟赛事
137952,依然小智,动漫UP ,动漫杂谈,老番新看
11336264,TESTV官方频道,创意小玩意,搞笑,体验
808171,吃素的狮子,四大欠王,鬼畜
14110780,凉风Kaze,凉风有性,我是胖次,不正经解说,偏爱误解,经常脑洞
17409016,爱做饭的芋头SAMA
18030567,H萌团队
13297724,Gamker攻壳
32708362,好吃的生活君
321173469,哔哩哔哩大会员
63231,泛式,杂谈,吐槽,剪辑,动画,泛鸽鸽骗过你吗
2306780,哔哩哔哩线下活动
259333,矮乐多Aliga
8034163,浅澄月,灵魂P图手,技术渣UP,上海爱丽丝辣条厂,非洲狗
7584632,哔哩哔哩纪录片
883968,暴走漫画,搞笑,二次元,脱口秀,暴走漫画,大事件
946974,影视飓风
123938419,嘻咦啊看
223958603,2233卡菌
11278782,王咩阿,搞笑,手工,绘画
1532165,papi酱
234256,逗川kshadow,帅川,逗川,薛之川
4474705,孤独的美食基,美食,日本,留学,开箱,孤独的美食基
34149649,oh_emma,oh emma,youtuber,美妆博主,油管博主,时尚爱好者
290526283,美食作家王刚R
5957440,曼食慢语,曼达,正经厨娘,曼达小馆,曼食慢语,Amanda
289887832,痴鸡小队官方
486183,排骨教主,两声类,排骨,排骨女神
98627270,哔哩哔哩国创
295723,★⑥|轮椤,搞笑配音,资源整合,灵魂歌手,实况解说,减肥达人
1473830,AIchannel搬运
37090048,哔哩哔哩创作中心
903988,reAct木子
375504219,-阿库娅Official
7508296,疯猴pme,干
24381,NOOB酱,AMV,MAD,Cosplay,大会员
11073,hanser
12434430,LinusTechTips
2859372,名作之壁吧
322892,痒局长,游戏,鬼畜,翻唱,解说
777536,LexBurner,良心up,吐槽,动漫杂谈,蕾丝彦祖,自己夸自己
617285,芒果冰OL
268104,吴织亚切大忽悠,宇宙,第一,超级,无敌,帅比
1577804,某幻君
4128618,大大大灯泡,只能填5个,单身狗,我会发光！,丧心病狂,抠图狂魔
3589472,光学核心
2059591,性巴莎拉
2948981,冷水煮乐器,字幕组,日语,日本
113362335,宝剑嫂
295711424,神秘店长A
1276787,稚嫩的魔法师
17638509,星月兮
466272,机智的党妹
9824766,敬汉卿
927587,木鱼水心,木鱼说,木鱼微剧场,三分钟影评
2853209,发光的呆毛君,金坷垃
15834498,拂H坊
928123,哔哩哔哩番剧
14333871,吐嚎影院,吐槽,搞笑,原创,吐嚎影院,影评
30643878,野食小哥
282994,泠鸢yousa
16794231,靠脸吃饭的徐大王,玉树临风,英俊潇洒,风流倜傥,靠脸吃饭
17819768,电影最TOP
27218150,刘哔电影
60614881,无聊的Do君
110974,视频大拍档
208259,陈睿
3481012,低调的帅爷,帅比,大帅比,超级帅比,超级大帅比,反正是帅比
2019740,逆风笑
1885078,nya酱的一生
93066,N.ec鱼丸
3682229,长歌与小见见
9099524,CarlyLee
235555226,哔哩哔哩UP主执事
419220,神奇陆夫人
11805472,老湿alwayswet
283538,冷面Lim
7596516,酒客小丑
546195,老番茄,二逼,游戏解说
609687,Mr.Lemon
11167,平安夜的噩梦
6171645,OELoop,鬼畜
8578857,谷阿莫
16307541,Vivekatt,vivekatt
40966108,倒悬的橘子,鬼畜,翻唱
9717562,星际老男孩,偶像天团
2929048,网易暴雪游戏视频,炉石传说,魔兽世界,风暴英雄,星际争霸,暗黑破坏神
23604445,上海滩许Van强
5374954,深海色带鱼
11052822,终路之零,设计,视觉艺术,PV,MAD,AMV
5055,小缘
15810,Mr.Quin
13354765,徐大虾咯,徐大虾,游戏解说
19456751,文曰小强,分分钟速读原著,文曰小强
385474,彼望黑,小黑,克苏鲁,SCP,战锤,星际
116683,=咬人猫=
346059,小M呜喵王
548824,鸡鸡・夫斯基
2989565,画画峰
423895,怕上火暴王老菊,看什么看,没见过帅哥,什么你见过,哦原来说我,原谅你了
221648,柚子木字幕组,YouTube,Youzimu,柚子木字幕组,柚子污字幕组
7487399,努力的Lorre
4079592,机核网
143322,你看见我的id了
216025,尕丶天堂,动画宅,吐槽狂魔,游戏实况
284120,三无Marblue
500198,水王怀特金
178778949,英雄联盟,英雄联盟,游戏,电竞,撸娘,赛事
97177641,混乱博物馆
280793434,手工耿
6997378,仙女110,微小微,仙女110
196356191,翔翔大作战
288239,虐猫狂人薛定谔,周刊,不科学图
164139557,活蹦乱跳的肥
161419374,山药视频
8366990,-欣小萌-
6574487,纳豆奶奶
1565155,起小点是大腿
6154152,戏精牡丹
4548018,扎双马尾的丧尸,ASMR,翻唱,日常,舞蹈,美妆
11357018,AnimeTamashii
31700507,游研社
176037767,我是郭杰瑞
391679,A路人
122879,敖厂长,敖厂长
7792521,还有一天就放假了,放假君,鬼畜,调音师,柴犬,音乐
19071708,潮汕好男人,鬼畜
