Vertex 1,Vertex 2
酒客小丑,瓶子君152
酒客小丑,爱做饭的芋头SAMA
酒客小丑,大大大灯泡
酒客小丑,中二少年晓凯
酒客小丑,赫萝老师
酒客小丑,尕丶天堂
酒客小丑,泛式
酒客小丑,H萌团队
酒客小丑,低调的帅爷
暗猫の祝福,reAct木子
暗猫の祝福,饭帅fun
暗猫の祝福,赫萝老师
暗猫の祝福,终路之零
暗猫の祝福,泛式
女孩为何穿短裙,上海滩许Van强
女孩为何穿短裙,潮汕好男人
女孩为何穿短裙,吃素的狮子
女孩为何穿短裙,非桥段
女孩为何穿短裙,画画峰
女孩为何穿短裙,茶几君梦二
女孩为何穿短裙,深海色带鱼
女孩为何穿短裙,泽野螳螂
女孩为何穿短裙,陈睿
女孩为何穿短裙,伊丽莎白鼠
女孩为何穿短裙,OELoop
女孩为何穿短裙,还有一天就放假了
吴织亚切大忽悠,某幻君
吴织亚切大忽悠,花少北丶
吴织亚切大忽悠,允星河Yoseya
刘哔电影,瓶子君152
刘哔电影,阿斗归来了
刘哔电影,千户长生
刘哔电影,非桥段
刘哔电影,刘老师说电影
刘哔电影,冷面Lim
刘哔电影,小可儿
徐大虾咯,力元君
徐大虾咯,芒果冰OL
徐大虾咯,水蛭-JogsLeech
徐大虾咯,神秘店长A
矮乐多Aliga,=咬人猫=
矮乐多Aliga,王思妇丶
矮乐多Aliga,小可儿
矮乐多Aliga,碧诗
豆砸OwO,艾尔十六
豆砸OwO,泛式
豆砸OwO,陈睿
豆砸OwO,低调的帅爷
豆砸OwO,鲁过一下
豆砸OwO,芒果冰OL
豆砸OwO,神秘店长A
豆砸OwO,赫萝老师
豆砸OwO,尕丶天堂
逍遥散人,文曰小强
逍遥散人,哔哩哔哩会员购
逍遥散人,Mr.Lemon
逍遥散人,CarlyLee
逍遥散人,碧诗
哔哩哔哩活动,平安夜的噩梦
哔哩哔哩活动,哔哩哔哩游戏中心
哔哩哔哩活动,哔哩哔哩UP主执事
哔哩哔哩活动,CarlyLee
哔哩哔哩活动,哔哩哔哩弹幕网
哔哩哔哩活动,哔哩哔哩番剧
哔哩哔哩活动,陈睿
哔哩哔哩活动,哔哩哔哩会员购
哔哩哔哩活动,英雄联盟
不动的ACG大图书馆,AnimeTamashii
不动的ACG大图书馆,终路之零
不动的ACG大图书馆,哔哩哔哩弹幕网
AIchannel搬运,画画峰
我是郭杰瑞,孤独的美食基
我是郭杰瑞,美食作家王刚R
我是郭杰瑞,敬汉卿
我是郭杰瑞,爱做饭的芋头SAMA
我是郭杰瑞,山下智博
我是郭杰瑞,华农兄弟
我是郭杰瑞,歪果仁研究协会
我是郭杰瑞,哔哩哔哩创作中心
我是郭杰瑞,CarlyLee
我是郭杰瑞,信誓蛋蛋
哔哩哔哩游戏中心,哔哩哔哩活动
哔哩哔哩游戏中心,哔哩哔哩UP主执事
哔哩哔哩游戏中心,哔哩哔哩弹幕网
哔哩哔哩游戏中心,哔哩哔哩直播
哔哩哔哩游戏中心,2233卡菌
哔哩哔哩游戏中心,碧诗
哔哩哔哩游戏中心,陈睿
哔哩哔哩游戏中心,哔哩哔哩会员购
lucifel,V.R.
lucifel,泛式
允星河Yoseya,吴织亚切大忽悠
允星河Yoseya,抽风Crazy
允星河Yoseya,力元君
允星河Yoseya,逆风笑
允星河Yoseya,影视飓风
允星河Yoseya,故事王StoryMan
允星河Yoseya,中国BOY超级大猩猩
允星河Yoseya,水蛭-JogsLeech
允星河Yoseya,怕上火暴王老菊
KBShinya,伊丽莎白鼠
KBShinya,孤独的美食基
KBShinya,泠鸢yousa
KBShinya,排骨教主
KBShinya,三无Marblue
KBShinya,痒局长
KBShinya,ilem
KBShinya,木鱼水心
KBShinya,茶理理理子
小可儿,刘哔电影
小可儿,EdmundDZhang
小可儿,矮乐多Aliga
小可儿,扎双马尾的丧尸
小可儿,力元君
小可儿,面筋哥-程书林
小可儿,信誓蛋蛋
小可儿,碧诗
小可儿,极客湾Geekerwan
小可儿,共青团中央
小可儿,伊丽莎白鼠
小可儿,孤独的美食基
小可儿,Warma
小可儿,王思妇丶
小可儿,水蛭-JogsLeech
小可儿,ilem
小可儿,一咸菊菊
墨韵Moyun,吃素的狮子
墨韵Moyun,三无Marblue
墨韵Moyun,努巴尼守望先锋
视频大拍档,神奇的老皮
视频大拍档,影视飓风
视频大拍档,TESTV官方频道
视频大拍档,水蛭-JogsLeech
2233卡菌,哔哩哔哩游戏中心
2233卡菌,哔哩哔哩会员购
2233卡菌,哔哩哔哩弹幕网
2233卡菌,哔哩哔哩直播
黑桐谷歌,机核网
黑桐谷歌,吃素的狮子
黑桐谷歌,CarlyLee
黑桐谷歌,痒局长
黑桐谷歌,碧诗
黑桐谷歌,陈睿
黑桐谷歌,起小点是大腿
黑桐谷歌,渗透之C君
黑桐谷歌,歪果仁研究协会
黑桐谷歌,视角姬
黑桐谷歌,怕上火暴王老菊
黑镖客梦回,神奇的老皮
黑镖客梦回,瓶子君152
黑镖客梦回,芒果冰OL
黑镖客梦回,Warma
黑镖客梦回,神秘店长A
碧诗,吃素的狮子
碧诗,矮乐多Aliga
碧诗,逍遥散人
碧诗,非桥段
碧诗,哔哩哔哩游戏中心
碧诗,lieP9
碧诗,哔哩哔哩UP主执事
碧诗,哔哩哔哩创作中心
碧诗,CarlyLee
碧诗,哔哩哔哩弹幕网
碧诗,小可儿
碧诗,黑桐谷歌
碧诗,泽野螳螂
碧诗,共青团中央
碧诗,OELoop
碧诗,陈睿
碧诗,哦呼w
碧诗,哔哩哔哩英雄联盟赛事
碧诗,哔哩哔哩会员购
碧诗,还有一天就放假了
瞬间爆炸型LowSing,发光的呆毛君
瞬间爆炸型LowSing,吃素的狮子
瞬间爆炸型LowSing,茶几君梦二
瞬间爆炸型LowSing,泽野螳螂
瞬间爆炸型LowSing,伊丽莎白鼠
瞬间爆炸型LowSing,OELoop
瞬间爆炸型LowSing,哦呼w
瞬间爆炸型LowSing,Mr.Lemon
瞬间爆炸型LowSing,还有一天就放假了
嘟督不噶油,LexBurner
嘟督不噶油,还有一天就放假了
陈睿,女孩为何穿短裙
陈睿,豆砸OwO
陈睿,哔哩哔哩活动
陈睿,哔哩哔哩游戏中心
陈睿,哔哩哔哩直播
陈睿,黑桐谷歌
陈睿,碧诗
陈睿,共青团中央
陈睿,哔哩哔哩会员购
陈睿,鲁过一下
陈睿,LexBurner
陈睿,平安夜的噩梦
陈睿,CarlyLee
陈睿,哔哩哔哩弹幕网
陈睿,NOOB酱
陈睿,尕丶天堂
OELoop,疯猴pme
OELoop,女孩为何穿短裙
OELoop,发光的呆毛君
OELoop,潮汕好男人
OELoop,吃素的狮子
OELoop,排骨教主
OELoop,面筋哥-程书林
OELoop,哔哩哔哩创作中心
OELoop,茶几君梦二
OELoop,深海色带鱼
OELoop,碧诗
OELoop,泽野螳螂
OELoop,瞬间爆炸型LowSing
OELoop,浅澄月
OELoop,共青团中央
OELoop,起小点是大腿
OELoop,哦呼w
OELoop,三无Marblue
OELoop,哔哩哔哩会员购
OELoop,Mr.Lemon
OELoop,一咸菊菊
OELoop,还有一天就放假了
Vivekatt,花花与三猫CatLive
Vivekatt,纳豆奶奶
Vivekatt,孤独的美食基
Vivekatt,千户长生
Vivekatt,nya酱的一生
Vivekatt,活蹦乱跳的肥
nya酱的一生,花花与三猫CatLive
nya酱的一生,孤独的美食基
nya酱的一生,Vivekatt
nya酱的一生,千户长生
山药视频,孤独的美食基
山药视频,美食作家王刚R
山药视频,华农兄弟
山药视频,哔哩哔哩创作中心
刘老师说电影,共青团中央
刘老师说电影,阿斗归来了
刘老师说电影,刘哔电影
刘老师说电影,吐嚎影院
刘老师说电影,非桥段
刘老师说电影,泛式
黑椒墨鱼,逗川kshadow
黑椒墨鱼,吃素的狮子
黑椒墨鱼,STN工作室
=咬人猫=,矮乐多Aliga
靠谱电竞,靠脸吃饭的徐大王
靠谱电竞,芒果冰OL
靠谱电竞,中二少年晓凯
靠谱电竞,起小点是大腿
靠谱电竞,英雄联盟
靠谱电竞,长歌与小见见
ilem,三无Marblue
ilem,吃素的狮子
ilem,KBShinya
ilem,小可儿
ilem,木鱼水心
低调的帅爷,酒客小丑
低调的帅爷,芒果冰OL
低调的帅爷,豆砸OwO
低调的帅爷,艾尔十六
低调的帅爷,神秘店长A
低调的帅爷,文曰小强
低调的帅爷,神奇的老皮
低调的帅爷,哦呼w
低调的帅爷,大大大灯泡
低调的帅爷,哔哩哔哩会员购
低调的帅爷,尕丶天堂
低调的帅爷,潇湘公子寻
一咸菊菊,上海滩许Van强
一咸菊菊,LexBurner
一咸菊菊,潮汕好男人
一咸菊菊,非桥段
一咸菊菊,面筋哥-程书林
一咸菊菊,茶几君梦二
一咸菊菊,小可儿
一咸菊菊,深海色带鱼
一咸菊菊,OELoop
一咸菊菊,哦呼w
一咸菊菊,王思妇丶
一咸菊菊,还有一天就放假了
王咩阿,哔哩哔哩创作中心
王咩阿,花花与三猫CatLive
王咩阿,纳豆奶奶
王咩阿,科技美学
王咩阿,敬汉卿
王咩阿,力元君
王咩阿,我是怪异君
王咩阿,无聊的Do君
王咩阿,孤独的美食基
王咩阿,翔翔大作战
王咩阿,爱做饭的芋头SAMA
王咩阿,水蛭-JogsLeech
此物天下绝响,潮汕好男人
此物天下绝响,非桥段
此物天下绝响,冷面Lim
此物天下绝响,深海色带鱼
此物天下绝响,鸡鸡・夫斯基
此物天下绝响,浅澄月
此物天下绝响,共青团中央
此物天下绝响,王思妇丶
此物天下绝响,还有一天就放假了
怕上火暴王老菊,伊丽莎白鼠
怕上火暴王老菊,逆风笑
怕上火暴王老菊,EdmundDZhang
怕上火暴王老菊,天天卡牌
怕上火暴王老菊,允星河Yoseya
怕上火暴王老菊,稚嫩的魔法师
怕上火暴王老菊,痒局长
怕上火暴王老菊,黑桐谷歌
神SめあOfficial,-阿库娅Official
某幻君,吴织亚切大忽悠
ここにいるよ,赫萝老师
ここにいるよ,虐猫狂人薛定谔
ここにいるよ,oneways
ここにいるよ,视角姬
ここにいるよ,泛式
ここにいるよ,NOOB酱
纳豆奶奶,孤独的美食基
纳豆奶奶,Vivekatt
纳豆奶奶,王咩阿
瓶子君152,酒客小丑
瓶子君152,刘哔电影
瓶子君152,饭帅fun
瓶子君152,泛式
瓶子君152,黑镖客梦回
瓶子君152,reAct木子
瓶子君152,泠鸢yousa
瓶子君152,赫萝老师
瓶子君152,尕丶天堂
逗川kshadow,吃素的狮子
逗川kshadow,努力的Lorre
逗川kshadow,游研社
逗川kshadow,STN工作室
逗川kshadow,花花与三猫CatLive
逗川kshadow,极客湾Geekerwan
逗川kshadow,黑椒墨鱼
逗川kshadow,还有一天就放假了
机核网,网易暴雪游戏视频
机核网,黑桐谷歌
疯猴pme,潮汕好男人
疯猴pme,平安夜的噩梦
疯猴pme,鸡鸡・夫斯基
疯猴pme,深海色带鱼
疯猴pme,泽野螳螂
疯猴pme,共青团中央
疯猴pme,OELoop
疯猴pme,哦呼w
疯猴pme,还有一天就放假了
小M呜喵王,饭帅fun
小M呜喵王,赫萝老师
小M呜喵王,尕丶天堂
小M呜喵王,H萌团队
潮汕好男人,上海滩许Van强
潮汕好男人,女孩为何穿短裙
潮汕好男人,疯猴pme
潮汕好男人,吃素的狮子
潮汕好男人,非桥段
潮汕好男人,CarlyLee
潮汕好男人,茶几君梦二
潮汕好男人,鸡鸡・夫斯基
潮汕好男人,深海色带鱼
潮汕好男人,泽野螳螂
潮汕好男人,浅澄月
潮汕好男人,OELoop
潮汕好男人,哦呼w
潮汕好男人,王思妇丶
潮汕好男人,一咸菊菊
潮汕好男人,还有一天就放假了
潮汕好男人,此物天下绝响
科技美学,芒果冰OL
科技美学,吐嚎影院
科技美学,哔哩哔哩创作中心
科技美学,极客湾Geekerwan
科技美学,中国BOY超级大猩猩
科技美学,王咩阿
美食作家王刚R,我是郭杰瑞
美食作家王刚R,华农兄弟
美食作家王刚R,山药视频
芒果冰OL,吃素的狮子
芒果冰OL,科技美学
芒果冰OL,徐大虾咯
芒果冰OL,豆砸OwO
芒果冰OL,努力的Lorre
芒果冰OL,冷面Lim
芒果冰OL,力元君
芒果冰OL,哔哩哔哩创作中心
芒果冰OL,艾尔十六
芒果冰OL,黑镖客梦回
芒果冰OL,神秘店长A
芒果冰OL,起小点是大腿
芒果冰OL,靠谱电竞
芒果冰OL,低调的帅爷
EdmundDZhang,中国BOY超级大猩猩
EdmundDZhang,歪果仁研究协会
EdmundDZhang,信誓蛋蛋
EdmundDZhang,小可儿
EdmundDZhang,努力的Lorre
EdmundDZhang,怕上火暴王老菊
敬汉卿,花花与三猫CatLive
敬汉卿,吃素的狮子
敬汉卿,孤独的美食基
敬汉卿,翔翔大作战
敬汉卿,我是郭杰瑞
敬汉卿,歪果仁研究协会
敬汉卿,哔哩哔哩创作中心
敬汉卿,TESTV官方频道
敬汉卿,王咩阿
排骨教主,痒局长
排骨教主,KBShinya
排骨教主,泽野螳螂
排骨教主,OELoop
排骨教主,歪果仁研究协会
排骨教主,还有一天就放假了
Gamker攻壳,STN工作室
平安夜的噩梦,疯猴pme
平安夜的噩梦,吃素的狮子
平安夜的噩梦,哔哩哔哩活动
平安夜的噩梦,泽野螳螂
平安夜的噩梦,浅澄月
平安夜的噩梦,陈睿
平安夜的噩梦,reAct木子
平安夜的噩梦,NOOB酱
平安夜的噩梦,还有一天就放假了
游研社,逗川kshadow
冷面Lim,刘哔电影
冷面Lim,芒果冰OL
冷面Lim,茶几君梦二
冷面Lim,泛式
冷面Lim,神秘店长A
冷面Lim,起小点是大腿
冷面Lim,花少北丶
冷面Lim,此物天下绝响
lieP9,oneways
lieP9,NOOB酱
lieP9,三无Marblue
lieP9,碧诗
力元君,吃素的狮子
力元君,徐大虾咯
力元君,宝剑嫂
力元君,允星河Yoseya
力元君,小可儿
力元君,花花与三猫CatLive
力元君,神奇的老皮
力元君,王咩阿
力元君,芒果冰OL
力元君,孤独的美食基
力元君,翔翔大作战
力元君,水蛭-JogsLeech
聚印象视频,天天卡牌
聚印象视频,哔哩哔哩创作中心
聚印象视频,鸡鸡・夫斯基
聚印象视频,努巴尼守望先锋
网易暴雪游戏视频,神奇的老皮
网易暴雪游戏视频,机核网
网易暴雪游戏视频,共青团中央
网易暴雪游戏视频,夏一可
网易暴雪游戏视频,努巴尼守望先锋
画画峰,女孩为何穿短裙
画画峰,饭帅fun
画画峰,大大大灯泡
画画峰,AIchannel搬运
画画峰,终路之零
画画峰,艾尔十六
画画峰,泛式
画画峰,泽野螳螂
稚嫩的魔法师,彼望黑
稚嫩的魔法师,非桥段
稚嫩的魔法师,怕上火暴王老菊
痒局长,吃素的狮子
痒局长,伊丽莎白鼠
痒局长,柚子又抽了
痒局长,排骨教主
痒局长,KBShinya
痒局长,黑桐谷歌
痒局长,怕上火暴王老菊
哔哩哔哩弹幕网,共青团中央
哔哩哔哩弹幕网,陈睿
哔哩哔哩弹幕网,哔哩哔哩活动
哔哩哔哩弹幕网,不动的ACG大图书馆
哔哩哔哩弹幕网,哔哩哔哩英雄联盟赛事
哔哩哔哩弹幕网,哔哩哔哩游戏中心
哔哩哔哩弹幕网,哔哩哔哩会员购
哔哩哔哩弹幕网,哔哩哔哩UP主执事
哔哩哔哩弹幕网,CarlyLee
哔哩哔哩弹幕网,哔哩哔哩直播
哔哩哔哩弹幕网,2233卡菌
哔哩哔哩弹幕网,碧诗
H萌团队,酒客小丑
H萌团队,依然小智
H萌团队,小M呜喵王
H萌团队,饭帅fun
H萌团队,大大大灯泡
H萌团队,赫萝老师
H萌团队,尕丶天堂
H萌团队,艾尔十六
H萌团队,泛式
深海色带鱼,女孩为何穿短裙
深海色带鱼,疯猴pme
深海色带鱼,发光的呆毛君
深海色带鱼,吃素的狮子
深海色带鱼,潮汕好男人
深海色带鱼,非桥段
深海色带鱼,茶几君梦二
深海色带鱼,浅澄月
深海色带鱼,OELoop
深海色带鱼,哦呼w
深海色带鱼,Warma
深海色带鱼,爱做饭的芋头SAMA
深海色带鱼,一咸菊菊
深海色带鱼,还有一天就放假了
深海色带鱼,此物天下绝响
无聊的Do君,冷水煮乐器
无聊的Do君,王咩阿
木鱼水心,极客湾Geekerwan
木鱼水心,共青团中央
木鱼水心,努力的Lorre
木鱼水心,艾尔十六
木鱼水心,KBShinya
木鱼水心,ilem
努巴尼守望先锋,天天卡牌
努巴尼守望先锋,STN工作室
努巴尼守望先锋,聚印象视频
努巴尼守望先锋,网易暴雪游戏视频
努巴尼守望先锋,哔哩哔哩创作中心
努巴尼守望先锋,墨韵Moyun
努巴尼守望先锋,神秘店长A
papi酱,伊丽莎白鼠
-阿库娅Official,神SめあOfficial
-阿库娅Official,白上吹雪Official
白上吹雪Official,-阿库娅Official
夏一可,网易暴雪游戏视频
夏一可,天天卡牌
reAct木子,暗猫の祝福
reAct木子,瓶子君152
reAct木子,oneways
reAct木子,平安夜的噩梦
reAct木子,饭帅fun
reAct木子,泛式
reAct木子,大大大灯泡
你看见我的id了,oneways
你看见我的id了,NOOB酱
你看见我的id了,泛式
山下智博,我是郭杰瑞
山下智博,哔哩哔哩创作中心
山下智博,茶几君梦二
山下智博,孤独的美食基
山下智博,中国BOY超级大猩猩
山下智博,歪果仁研究协会
故事王StoryMan,我是怪异君
故事王StoryMan,允星河Yoseya
哔哩哔哩英雄联盟赛事,哔哩哔哩会员购
哔哩哔哩英雄联盟赛事,英雄联盟
哔哩哔哩英雄联盟赛事,哔哩哔哩弹幕网
哔哩哔哩英雄联盟赛事,哔哩哔哩直播
哔哩哔哩英雄联盟赛事,碧诗
名作之壁吧,赫萝老师
名作之壁吧,终路之零
名作之壁吧,V.R.
名作之壁吧,泛式
老番茄,Chimera君
Mr.Lemon,瞬间爆炸型LowSing
Mr.Lemon,发光的呆毛君
Mr.Lemon,OELoop
Mr.Lemon,TESTV官方频道
Mr.Lemon,逍遥散人
Mr.Lemon,天天卡牌
尕丶天堂,酒客小丑
尕丶天堂,豆砸OwO
尕丶天堂,饭帅fun
尕丶天堂,STN工作室
尕丶天堂,艾尔十六
尕丶天堂,泛式
尕丶天堂,陈睿
尕丶天堂,Warma
尕丶天堂,鲁过一下
尕丶天堂,低调的帅爷
尕丶天堂,瓶子君152
尕丶天堂,小M呜喵王
尕丶天堂,天天卡牌
尕丶天堂,中二少年晓凯
尕丶天堂,H萌团队
尕丶天堂,神秘店长A
尕丶天堂,大大大灯泡
尕丶天堂,赫萝老师
长歌与小见见,起小点是大腿
长歌与小见见,哔哩哔哩创作中心
长歌与小见见,靠谱电竞
暴走漫画,共青团中央
茶理理理子,三无Marblue
茶理理理子,扎双马尾的丧尸
茶理理理子,哔哩哔哩创作中心
茶理理理子,KBShinya
茶理理理子,渗透之C君
茶理理理子,泠鸢yousa
上海滩许Van强,女孩为何穿短裙
上海滩许Van强,潮汕好男人
上海滩许Van强,茶几君梦二
上海滩许Van强,泽野螳螂
上海滩许Van强,浅澄月
上海滩许Van强,哦呼w
上海滩许Van强,王思妇丶
上海滩许Van强,一咸菊菊
上海滩许Van强,还有一天就放假了
日食记官方,哔哩哔哩创作中心
水王怀特金,吃素的狮子
发光的呆毛君,瞬间爆炸型LowSing
发光的呆毛君,OELoop
发光的呆毛君,哦呼w
发光的呆毛君,Mr.Lemon
发光的呆毛君,还有一天就放假了
发光的呆毛君,深海色带鱼
发光的呆毛君,泽野螳螂
吃素的狮子,水王怀特金
吃素的狮子,女孩为何穿短裙
吃素的狮子,柚子又抽了
吃素的狮子,非桥段
吃素的狮子,STN工作室
吃素的狮子,泛式
吃素的狮子,墨韵Moyun
吃素的狮子,鸡鸡・夫斯基
吃素的狮子,黑桐谷歌
吃素的狮子,碧诗
吃素的狮子,瞬间爆炸型LowSing
吃素的狮子,依然小智
吃素的狮子,神奇的老皮
吃素的狮子,OELoop
吃素的狮子,伊丽莎白鼠
吃素的狮子,哦呼w
吃素的狮子,黑椒墨鱼
吃素的狮子,歪果仁研究协会
吃素的狮子,视角姬
吃素的狮子,ilem
吃素的狮子,靠脸吃饭的徐大王
吃素的狮子,逗川kshadow
吃素的狮子,潮汕好男人
吃素的狮子,芒果冰OL
吃素的狮子,敬汉卿
吃素的狮子,努力的Lorre
吃素的狮子,平安夜的噩梦
吃素的狮子,力元君
吃素的狮子,CarlyLee
吃素的狮子,茶几君梦二
吃素的狮子,痒局长
吃素的狮子,深海色带鱼
吃素的狮子,泽野螳螂
吃素的狮子,赫萝老师
吃素的狮子,三无Marblue
吃素的狮子,王思妇丶
吃素的狮子,水蛭-JogsLeech
吃素的狮子,还有一天就放假了
阿斗归来了,刘哔电影
阿斗归来了,吐嚎影院
阿斗归来了,刘老师说电影
阿斗归来了,哔哩哔哩创作中心
oneways,饭帅fun
oneways,泛式
oneways,ここにいるよ
oneways,lieP9
oneways,reAct木子
oneways,你看见我的id了
oneways,NOOB酱
柚子又抽了,吃素的狮子
柚子又抽了,痒局长
柚子又抽了,神秘店长A
柚子又抽了,中国BOY超级大猩猩
千户长生,刘哔电影
千户长生,Vivekatt
千户长生,nya酱的一生
千户长生,宝剑嫂
千户长生,活蹦乱跳的肥
吐嚎影院,靠脸吃饭的徐大王
吐嚎影院,阿斗归来了
吐嚎影院,科技美学
吐嚎影院,我是怪异君
吐嚎影院,刘老师说电影
非桥段,女孩为何穿短裙
非桥段,潮汕好男人
非桥段,吃素的狮子
非桥段,刘哔电影
非桥段,我是怪异君
非桥段,哔哩哔哩创作中心
非桥段,稚嫩的魔法师
非桥段,茶几君梦二
非桥段,深海色带鱼
非桥段,碧诗
非桥段,泽野螳螂
非桥段,浅澄月
非桥段,共青团中央
非桥段,哦呼w
非桥段,刘老师说电影
非桥段,一咸菊菊
非桥段,还有一天就放假了
非桥段,此物天下绝响
宝剑嫂,千户长生
宝剑嫂,活蹦乱跳的肥
宝剑嫂,力元君
宝剑嫂,哔哩哔哩创作中心
宝剑嫂,歪果仁研究协会
活蹦乱跳的肥,花花与三猫CatLive
活蹦乱跳的肥,歪果仁研究协会
活蹦乱跳的肥,CarlyLee
活蹦乱跳的肥,千户长生
活蹦乱跳的肥,Vivekatt
活蹦乱跳的肥,信誓蛋蛋
活蹦乱跳的肥,宝剑嫂
饭帅fun,暗猫の祝福
饭帅fun,oneways
饭帅fun,艾尔十六
饭帅fun,泛式
饭帅fun,瓶子君152
饭帅fun,小M呜喵王
饭帅fun,画画峰
饭帅fun,H萌团队
饭帅fun,reAct木子
饭帅fun,NOOB酱
饭帅fun,赫萝老师
饭帅fun,尕丶天堂
STN工作室,LexBurner
STN工作室,靠脸吃饭的徐大王
STN工作室,逗川kshadow
STN工作室,吃素的狮子
STN工作室,努力的Lorre
STN工作室,天天卡牌
STN工作室,Gamker攻壳
STN工作室,我是怪异君
STN工作室,TESTV官方频道
STN工作室,鸡鸡・夫斯基
STN工作室,努巴尼守望先锋
STN工作室,极客湾Geekerwan
STN工作室,起小点是大腿
STN工作室,黑椒墨鱼
STN工作室,尕丶天堂
STN工作室,水蛭-JogsLeech
扎双马尾的丧尸,赫萝老师
扎双马尾的丧尸,小可儿
扎双马尾的丧尸,茶理理理子
V.R.,lucifel
V.R.,名作之壁吧
面筋哥-程书林,OELoop
面筋哥-程书林,哔哩哔哩创作中心
面筋哥-程书林,小可儿
面筋哥-程书林,一咸菊菊
面筋哥-程书林,还有一天就放假了
哔哩哔哩创作中心,日食记官方
哔哩哔哩创作中心,阿斗归来了
哔哩哔哩创作中心,非桥段
哔哩哔哩创作中心,宝剑嫂
哔哩哔哩创作中心,我是郭杰瑞
哔哩哔哩创作中心,面筋哥-程书林
哔哩哔哩创作中心,WillTV
哔哩哔哩创作中心,碧诗
哔哩哔哩创作中心,花花与三猫CatLive
哔哩哔哩创作中心,浅澄月
哔哩哔哩创作中心,极客湾Geekerwan
哔哩哔哩创作中心,OELoop
哔哩哔哩创作中心,山药视频
哔哩哔哩创作中心,王咩阿
哔哩哔哩创作中心,科技美学
哔哩哔哩创作中心,芒果冰OL
哔哩哔哩创作中心,敬汉卿
哔哩哔哩创作中心,抽风Crazy
哔哩哔哩创作中心,聚印象视频
哔哩哔哩创作中心,茶几君梦二
哔哩哔哩创作中心,努巴尼守望先锋
哔哩哔哩创作中心,孤独的美食基
哔哩哔哩创作中心,影视飓风
哔哩哔哩创作中心,山下智博
哔哩哔哩创作中心,长歌与小见见
哔哩哔哩创作中心,茶理理理子
艾尔十六,芒果冰OL
艾尔十六,豆砸OwO
艾尔十六,饭帅fun
艾尔十六,画画峰
艾尔十六,泛式
艾尔十六,H萌团队
艾尔十六,木鱼水心
艾尔十六,大大大灯泡
艾尔十六,赫萝老师
艾尔十六,尕丶天堂
艾尔十六,潇湘公子寻
艾尔十六,鲁过一下
艾尔十六,低调的帅爷
泛式,酒客小丑
泛式,暗猫の祝福
泛式,豆砸OwO
泛式,lucifel
泛式,刘老师说电影
泛式,ここにいるよ
泛式,瓶子君152
泛式,冷面Lim
泛式,画画峰
泛式,H萌团队
泛式,reAct木子
泛式,你看见我的id了
泛式,名作之壁吧
泛式,尕丶天堂
泛式,吃素的狮子
泛式,oneways
泛式,饭帅fun
泛式,艾尔十六
泛式,哦呼w
泛式,泠鸢yousa
泛式,视角姬
泛式,鲁过一下
泛式,努力的Lorre
泛式,中二少年晓凯
泛式,神秘店长A
泛式,泽野螳螂
泛式,爱做饭的芋头SAMA
泛式,大大大灯泡
泛式,NOOB酱
泛式,赫萝老师
泛式,虐猫狂人薛定谔
泛式,潇湘公子寻
哔哩哔哩番剧,哔哩哔哩会员购
哔哩哔哩番剧,哔哩哔哩活动
WillTV,哔哩哔哩创作中心
WillTV,翔翔大作战
鸡鸡・夫斯基,吃素的狮子
鸡鸡・夫斯基,STN工作室
鸡鸡・夫斯基,此物天下绝响
鸡鸡・夫斯基,疯猴pme
鸡鸡・夫斯基,潮汕好男人
鸡鸡・夫斯基,聚印象视频
鸡鸡・夫斯基,爱做饭的芋头SAMA
鸡鸡・夫斯基,还有一天就放假了
哔哩哔哩直播,陈睿
哔哩哔哩直播,哔哩哔哩英雄联盟赛事
哔哩哔哩直播,哔哩哔哩游戏中心
哔哩哔哩直播,哔哩哔哩会员购
哔哩哔哩直播,哔哩哔哩弹幕网
哔哩哔哩直播,2233卡菌
花花与三猫CatLive,活蹦乱跳的肥
花花与三猫CatLive,哔哩哔哩创作中心
花花与三猫CatLive,Vivekatt
花花与三猫CatLive,nya酱的一生
花花与三猫CatLive,王咩阿
花花与三猫CatLive,逗川kshadow
花花与三猫CatLive,敬汉卿
花花与三猫CatLive,力元君
花花与三猫CatLive,孤独的美食基
花花与三猫CatLive,影视飓风
花花与三猫CatLive,爱做饭的芋头SAMA
花花与三猫CatLive,华农兄弟
文曰小强,共青团中央
文曰小强,逍遥散人
文曰小强,低调的帅爷
依然小智,吃素的狮子
依然小智,H萌团队
浅澄月,上海滩许Van强
浅澄月,非桥段
浅澄月,哔哩哔哩创作中心
浅澄月,神奇的老皮
浅澄月,共青团中央
浅澄月,OELoop
浅澄月,起小点是大腿
浅澄月,哦呼w
浅澄月,哔哩哔哩会员购
浅澄月,此物天下绝响
浅澄月,潮汕好男人
浅澄月,平安夜的噩梦
浅澄月,茶几君梦二
浅澄月,深海色带鱼
浅澄月,泽野螳螂
浅澄月,爱做饭的芋头SAMA
浅澄月,还有一天就放假了
神奇的老皮,吃素的狮子
神奇的老皮,天天卡牌
神奇的老皮,力元君
神奇的老皮,网易暴雪游戏视频
神奇的老皮,视频大拍档
神奇的老皮,神秘店长A
神奇的老皮,黑镖客梦回
神奇的老皮,泽野螳螂
神奇的老皮,浅澄月
神奇的老皮,影视飓风
神奇的老皮,低调的帅爷
极客湾Geekerwan,STN工作室
极客湾Geekerwan,哔哩哔哩创作中心
极客湾Geekerwan,小可儿
极客湾Geekerwan,逗川kshadow
极客湾Geekerwan,科技美学
极客湾Geekerwan,木鱼水心
极客湾Geekerwan,神秘店长A
极客湾Geekerwan,影视飓风
共青团中央,疯猴pme
共青团中央,非桥段
共青团中央,我是怪异君
共青团中央,网易暴雪游戏视频
共青团中央,哔哩哔哩弹幕网
共青团中央,小可儿
共青团中央,木鱼水心
共青团中央,碧诗
共青团中央,文曰小强
共青团中央,浅澄月
共青团中央,陈睿
共青团中央,OELoop
共青团中央,刘老师说电影
共青团中央,华农兄弟
共青团中央,歪果仁研究协会
共青团中央,英雄联盟
共青团中央,暴走漫画
共青团中央,此物天下绝响
伊丽莎白鼠,瞬间爆炸型LowSing
伊丽莎白鼠,女孩为何穿短裙
伊丽莎白鼠,吃素的狮子
伊丽莎白鼠,痒局长
伊丽莎白鼠,KBShinya
伊丽莎白鼠,小可儿
伊丽莎白鼠,还有一天就放假了
伊丽莎白鼠,papi酱
伊丽莎白鼠,怕上火暴王老菊
逆风笑,中国BOY超级大猩猩
逆风笑,抽风Crazy
逆风笑,允星河Yoseya
逆风笑,怕上火暴王老菊
起小点是大腿,STN工作室
起小点是大腿,黑桐谷歌
起小点是大腿,浅澄月
起小点是大腿,OELoop
起小点是大腿,花少北丶
起小点是大腿,歪果仁研究协会
起小点是大腿,靠谱电竞
起小点是大腿,靠脸吃饭的徐大王
起小点是大腿,芒果冰OL
起小点是大腿,天天卡牌
起小点是大腿,冷面Lim
起小点是大腿,我是怪异君
起小点是大腿,英雄联盟
起小点是大腿,长歌与小见见
哦呼w,上海滩许Van强
哦呼w,发光的呆毛君
哦呼w,吃素的狮子
哦呼w,非桥段
哦呼w,泛式
哦呼w,碧诗
哦呼w,瞬间爆炸型LowSing
哦呼w,浅澄月
哦呼w,OELoop
哦呼w,低调的帅爷
哦呼w,一咸菊菊
哦呼w,疯猴pme
哦呼w,潮汕好男人
哦呼w,茶几君梦二
哦呼w,深海色带鱼
哦呼w,泽野螳螂
哦呼w,大大大灯泡
哦呼w,还有一天就放假了
hanser,泠鸢yousa
Warma,尕丶天堂
Warma,小可儿
Warma,还有一天就放假了
Warma,深海色带鱼
Warma,神秘店长A
Warma,黑镖客梦回
泠鸢yousa,瓶子君152
泠鸢yousa,KBShinya
泠鸢yousa,泛式
泠鸢yousa,hanser
泠鸢yousa,三无Marblue
泠鸢yousa,鲁过一下
泠鸢yousa,茶理理理子
中国BOY超级大猩猩,抽风Crazy
中国BOY超级大猩猩,允星河Yoseya
中国BOY超级大猩猩,科技美学
中国BOY超级大猩猩,柚子又抽了
中国BOY超级大猩猩,逆风笑
中国BOY超级大猩猩,EdmundDZhang
中国BOY超级大猩猩,影视飓风
中国BOY超级大猩猩,渗透之C君
中国BOY超级大猩猩,山下智博
终路之零,暗猫の祝福
终路之零,不动的ACG大图书馆
终路之零,画画峰
终路之零,NOOB酱
终路之零,大大大灯泡
终路之零,赫萝老师
终路之零,名作之壁吧
AnimeTamashii,不动的ACG大图书馆
哔哩哔哩会员购,逍遥散人
哔哩哔哩会员购,哔哩哔哩活动
哔哩哔哩会员购,哔哩哔哩游戏中心
哔哩哔哩会员购,哔哩哔哩UP主执事
哔哩哔哩会员购,CarlyLee
哔哩哔哩会员购,哔哩哔哩弹幕网
哔哩哔哩会员购,哔哩哔哩番剧
哔哩哔哩会员购,哔哩哔哩直播
哔哩哔哩会员购,2233卡菌
哔哩哔哩会员购,碧诗
哔哩哔哩会员购,浅澄月
哔哩哔哩会员购,OELoop
哔哩哔哩会员购,陈睿
哔哩哔哩会员购,哔哩哔哩英雄联盟赛事
哔哩哔哩会员购,低调的帅爷
花少北丶,吴织亚切大忽悠
花少北丶,起小点是大腿
花少北丶,冷面Lim
歪果仁研究协会,吃素的狮子
歪果仁研究协会,宝剑嫂
歪果仁研究协会,活蹦乱跳的肥
歪果仁研究协会,我是郭杰瑞
歪果仁研究协会,黑桐谷歌
歪果仁研究协会,共青团中央
歪果仁研究协会,起小点是大腿
歪果仁研究协会,EdmundDZhang
歪果仁研究协会,敬汉卿
歪果仁研究协会,排骨教主
歪果仁研究协会,CarlyLee
歪果仁研究协会,信誓蛋蛋
歪果仁研究协会,山下智博
视角姬,吃素的狮子
视角姬,泛式
视角姬,黑桐谷歌
视角姬,ここにいるよ
视角姬,CarlyLee
视角姬,TESTV官方频道
视角姬,影视飓风
oeasy,盗月社食遇记
oeasy,潇湘公子寻
鲁过一下,豆砸OwO
鲁过一下,艾尔十六
鲁过一下,泛式
鲁过一下,陈睿
鲁过一下,泠鸢yousa
鲁过一下,赫萝老师
鲁过一下,尕丶天堂
LexBurner,嘟督不噶油
LexBurner,陈睿
LexBurner,TESTV官方频道
LexBurner,努力的Lorre
LexBurner,一咸菊菊
LexBurner,STN工作室
靠脸吃饭的徐大王,吃素的狮子
靠脸吃饭的徐大王,吐嚎影院
靠脸吃饭的徐大王,天天卡牌
靠脸吃饭的徐大王,STN工作室
靠脸吃饭的徐大王,起小点是大腿
靠脸吃饭的徐大王,英雄联盟
靠脸吃饭的徐大王,靠谱电竞
天天卡牌,靠脸吃饭的徐大王
天天卡牌,STN工作室
天天卡牌,聚印象视频
天天卡牌,TESTV官方频道
天天卡牌,神秘店长A
天天卡牌,努巴尼守望先锋
天天卡牌,神奇的老皮
天天卡牌,夏一可
天天卡牌,起小点是大腿
天天卡牌,Mr.Lemon
天天卡牌,尕丶天堂
天天卡牌,怕上火暴王老菊
努力的Lorre,LexBurner
努力的Lorre,逗川kshadow
努力的Lorre,吃素的狮子
努力的Lorre,芒果冰OL
努力的Lorre,EdmundDZhang
努力的Lorre,STN工作室
努力的Lorre,泛式
努力的Lorre,木鱼水心
努力的Lorre,神秘店长A
努力的Lorre,泽野螳螂
努力的Lorre,孤独的美食基
中二少年晓凯,酒客小丑
中二少年晓凯,CarlyLee
中二少年晓凯,泛式
中二少年晓凯,神秘店长A
中二少年晓凯,大大大灯泡
中二少年晓凯,靠谱电竞
中二少年晓凯,尕丶天堂
中二少年晓凯,潇湘公子寻
抽风Crazy,允星河Yoseya
抽风Crazy,哔哩哔哩创作中心
抽风Crazy,逆风笑
抽风Crazy,中国BOY超级大猩猩
我是怪异君,吐嚎影院
我是怪异君,非桥段
我是怪异君,STN工作室
我是怪异君,共青团中央
我是怪异君,起小点是大腿
我是怪异君,故事王StoryMan
我是怪异君,王咩阿
哔哩哔哩UP主执事,哔哩哔哩活动
哔哩哔哩UP主执事,哔哩哔哩游戏中心
哔哩哔哩UP主执事,哔哩哔哩会员购
哔哩哔哩UP主执事,哔哩哔哩弹幕网
哔哩哔哩UP主执事,碧诗
CarlyLee,哔哩哔哩活动
CarlyLee,逍遥散人
CarlyLee,我是郭杰瑞
CarlyLee,黑桐谷歌
CarlyLee,碧诗
CarlyLee,陈睿
CarlyLee,潮汕好男人
CarlyLee,哔哩哔哩弹幕网
CarlyLee,吃素的狮子
CarlyLee,活蹦乱跳的肥
CarlyLee,哔哩哔哩会员购
CarlyLee,歪果仁研究协会
CarlyLee,视角姬
CarlyLee,中二少年晓凯
CarlyLee,茶几君梦二
CarlyLee,神秘店长A
CarlyLee,孤独的美食基
TESTV官方频道,LexBurner
TESTV官方频道,敬汉卿
TESTV官方频道,影视飓风
TESTV官方频道,天天卡牌
TESTV官方频道,STN工作室
TESTV官方频道,Mr.Lemon
TESTV官方频道,盗月社食遇记
TESTV官方频道,视角姬
TESTV官方频道,视频大拍档
茶几君梦二,上海滩许Van强
茶几君梦二,女孩为何穿短裙
茶几君梦二,吃素的狮子
茶几君梦二,非桥段
茶几君梦二,哔哩哔哩创作中心
茶几君梦二,瞬间爆炸型LowSing
茶几君梦二,浅澄月
茶几君梦二,OELoop
茶几君梦二,哦呼w
茶几君梦二,一咸菊菊
茶几君梦二,潮汕好男人
茶几君梦二,冷面Lim
茶几君梦二,CarlyLee
茶几君梦二,深海色带鱼
茶几君梦二,泽野螳螂
茶几君梦二,冷水煮乐器
茶几君梦二,山下智博
茶几君梦二,王思妇丶
茶几君梦二,还有一天就放假了
信誓蛋蛋,EdmundDZhang
信誓蛋蛋,活蹦乱跳的肥
信誓蛋蛋,我是郭杰瑞
信誓蛋蛋,小可儿
信誓蛋蛋,华农兄弟
信誓蛋蛋,歪果仁研究协会
泽野螳螂,上海滩许Van强
泽野螳螂,女孩为何穿短裙
泽野螳螂,发光的呆毛君
泽野螳螂,吃素的狮子
泽野螳螂,非桥段
泽野螳螂,泛式
泽野螳螂,碧诗
泽野螳螂,瞬间爆炸型LowSing
泽野螳螂,浅澄月
泽野螳螂,神奇的老皮
泽野螳螂,OELoop
泽野螳螂,哦呼w
泽野螳螂,疯猴pme
泽野螳螂,潮汕好男人
泽野螳螂,努力的Lorre
泽野螳螂,排骨教主
泽野螳螂,平安夜的噩梦
泽野螳螂,画画峰
泽野螳螂,茶几君梦二
泽野螳螂,王思妇丶
泽野螳螂,还有一天就放假了
神秘店长A,柚子又抽了
神秘店长A,徐大虾咯
神秘店长A,豆砸OwO
神秘店长A,泛式
神秘店长A,黑镖客梦回
神秘店长A,神奇的老皮
神秘店长A,极客湾Geekerwan
神秘店长A,Warma
神秘店长A,低调的帅爷
神秘店长A,芒果冰OL
神秘店长A,天天卡牌
神秘店长A,努力的Lorre
神秘店长A,中二少年晓凯
神秘店长A,冷面Lim
神秘店长A,CarlyLee
神秘店长A,努巴尼守望先锋
神秘店长A,爱做饭的芋头SAMA
神秘店长A,尕丶天堂
彼望黑,稚嫩的魔法师
彼望黑,水蛭-JogsLeech
Chimera君,老番茄
孤独的美食基,纳豆奶奶
孤独的美食基,敬汉卿
孤独的美食基,努力的Lorre
孤独的美食基,我是郭杰瑞
孤独的美食基,力元君
孤独的美食基,CarlyLee
孤独的美食基,哔哩哔哩创作中心
孤独的美食基,KBShinya
孤独的美食基,小可儿
孤独的美食基,花花与三猫CatLive
孤独的美食基,Vivekatt
孤独的美食基,nya酱的一生
孤独的美食基,冷水煮乐器
孤独的美食基,爱做饭的芋头SAMA
孤独的美食基,山药视频
孤独的美食基,山下智博
孤独的美食基,王咩阿
影视飓风,花花与三猫CatLive
影视飓风,极客湾Geekerwan
影视飓风,神奇的老皮
影视飓风,中国BOY超级大猩猩
影视飓风,允星河Yoseya
影视飓风,TESTV官方频道
影视飓风,哔哩哔哩创作中心
影视飓风,视角姬
影视飓风,视频大拍档
渗透之C君,中国BOY超级大猩猩
渗透之C君,黑桐谷歌
渗透之C君,茶理理理子
翔翔大作战,力元君
翔翔大作战,敬汉卿
翔翔大作战,WillTV
翔翔大作战,王咩阿
爱做饭的芋头SAMA,酒客小丑
爱做饭的芋头SAMA,我是郭杰瑞
爱做饭的芋头SAMA,泛式
爱做饭的芋头SAMA,鸡鸡・夫斯基
爱做饭的芋头SAMA,花花与三猫CatLive
爱做饭的芋头SAMA,浅澄月
爱做饭的芋头SAMA,王咩阿
爱做饭的芋头SAMA,深海色带鱼
爱做饭的芋头SAMA,神秘店长A
爱做饭的芋头SAMA,孤独的美食基
冷水煮乐器,茶几君梦二
冷水煮乐器,无聊的Do君
冷水煮乐器,孤独的美食基
大大大灯泡,酒客小丑
大大大灯泡,艾尔十六
大大大灯泡,泛式
大大大灯泡,哦呼w
大大大灯泡,终路之零
大大大灯泡,低调的帅爷
大大大灯泡,中二少年晓凯
大大大灯泡,画画峰
大大大灯泡,H萌团队
大大大灯泡,reAct木子
大大大灯泡,赫萝老师
大大大灯泡,尕丶天堂
NOOB酱,oneways
NOOB酱,饭帅fun
NOOB酱,泛式
NOOB酱,陈睿
NOOB酱,终路之零
NOOB酱,ここにいるよ
NOOB酱,平安夜的噩梦
NOOB酱,lieP9
NOOB酱,你看见我的id了
NOOB酱,赫萝老师
NOOB酱,虐猫狂人薛定谔
赫萝老师,暗猫の祝福
赫萝老师,酒客小丑
赫萝老师,吃素的狮子
赫萝老师,豆砸OwO
赫萝老师,饭帅fun
赫萝老师,扎双马尾的丧尸
赫萝老师,艾尔十六
赫萝老师,泛式
赫萝老师,终路之零
赫萝老师,鲁过一下
赫萝老师,ここにいるよ
赫萝老师,瓶子君152
赫萝老师,小M呜喵王
赫萝老师,H萌团队
赫萝老师,NOOB酱
赫萝老师,大大大灯泡
赫萝老师,名作之壁吧
赫萝老师,尕丶天堂
赫萝老师,潇湘公子寻
三无Marblue,OELoop
三无Marblue,吃素的狮子
三无Marblue,泠鸢yousa
三无Marblue,lieP9
三无Marblue,KBShinya
三无Marblue,ilem
三无Marblue,墨韵Moyun
三无Marblue,茶理理理子
华农兄弟,花花与三猫CatLive
华农兄弟,我是郭杰瑞
华农兄弟,共青团中央
华农兄弟,美食作家王刚R
华农兄弟,信誓蛋蛋
华农兄弟,山药视频
虐猫狂人薛定谔,ここにいるよ
虐猫狂人薛定谔,泛式
虐猫狂人薛定谔,NOOB酱
英雄联盟,靠脸吃饭的徐大王
英雄联盟,共青团中央
英雄联盟,起小点是大腿
英雄联盟,哔哩哔哩活动
英雄联盟,哔哩哔哩英雄联盟赛事
英雄联盟,靠谱电竞
盗月社食遇记,TESTV官方频道
盗月社食遇记,oeasy
王思妇丶,上海滩许Van强
王思妇丶,潮汕好男人
王思妇丶,吃素的狮子
王思妇丶,矮乐多Aliga
王思妇丶,茶几君梦二
王思妇丶,小可儿
王思妇丶,一咸菊菊
王思妇丶,还有一天就放假了
王思妇丶,此物天下绝响
王思妇丶,泽野螳螂
水蛭-JogsLeech,彼望黑
水蛭-JogsLeech,吃素的狮子
水蛭-JogsLeech,徐大虾咯
水蛭-JogsLeech,STN工作室
水蛭-JogsLeech,力元君
水蛭-JogsLeech,允星河Yoseya
水蛭-JogsLeech,小可儿
水蛭-JogsLeech,王咩阿
水蛭-JogsLeech,视频大拍档
潇湘公子寻,中二少年晓凯
潇湘公子寻,赫萝老师
潇湘公子寻,艾尔十六
潇湘公子寻,泛式
潇湘公子寻,oeasy
潇湘公子寻,低调的帅爷
还有一天就放假了,上海滩许Van强
还有一天就放假了,女孩为何穿短裙
还有一天就放假了,发光的呆毛君
还有一天就放假了,吃素的狮子
还有一天就放假了,非桥段
还有一天就放假了,面筋哥-程书林
还有一天就放假了,鸡鸡・夫斯基
还有一天就放假了,碧诗
还有一天就放假了,瞬间爆炸型LowSing
还有一天就放假了,浅澄月
还有一天就放假了,嘟督不噶油
还有一天就放假了,伊丽莎白鼠
还有一天就放假了,OELoop
还有一天就放假了,哦呼w
还有一天就放假了,Warma
还有一天就放假了,一咸菊菊
还有一天就放假了,此物天下绝响
还有一天就放假了,逗川kshadow
还有一天就放假了,疯猴pme
还有一天就放假了,潮汕好男人
还有一天就放假了,排骨教主
还有一天就放假了,平安夜的噩梦
还有一天就放假了,茶几君梦二
还有一天就放假了,深海色带鱼
还有一天就放假了,泽野螳螂
还有一天就放假了,王思妇丶
