mid,name,sex,face,following,follower
124416,ここにいるよ,保密,http://i0.hdslb.com/bfs/face/1fd42acf7198403375fbf209e094cf3983182187.jpg,72,69450
2,碧诗,男,http://i0.hdslb.com/bfs/face/3e60b20604b6fdc7d081eb6a1ec72aa47c5a3964.jpg,157,628665
692233,OtatoB土豆,保密,http://i1.hdslb.com/bfs/face/3eee34de1812b6a7959e0c62f7d41bdbf0ef815e.jpg,2,136025
10462362,天天卡牌,男,http://i2.hdslb.com/bfs/face/d073dbd50b729138f7253f3258ac6ef67bddd741.jpg,107,1760002
81414,lucifel,男,http://i0.hdslb.com/bfs/face/c3562327d497e629f30226b7ebab16377913376e.jpg,103,7763
275981,小绝,男,http://i0.hdslb.com/bfs/face/6bc8b560b4eb5d7eac2248e55517753ab7a15521.jpg,26,753616
26366366,哔哩哔哩活动,保密,http://i0.hdslb.com/bfs/face/45728a09aa3cd19f13247fce58aad38ac46a0f1d.jpg,60,1464431
279991456,靠谱电竞,保密,http://i2.hdslb.com/bfs/face/b37e8c05448cb24b15a4f29581c66fdff1062147.jpg,70,503136
43536,黑桐谷歌,保密,http://i0.hdslb.com/bfs/face/31706c82949b3ba4756a411825c3f16aeb14ad44.jpg,120,1801642
3334179,我的样子平平无奇,保密,http://i1.hdslb.com/bfs/face/2d0e7a13462effe3a5e80d774ea0c48be4c9ce47.jpg,32,834591
423442,KBShinya,男,http://i1.hdslb.com/bfs/face/6e72f464865b2b7ae016c93efda1079b987a6ce0.jpg,45,1350041
2374194,墨韵Moyun,女,http://i1.hdslb.com/bfs/face/4fbaa6316a0c21e0bbd8dbdd274a2a8e19645947.jpg,149,1254154
3211302,艾尔十六,男,http://i0.hdslb.com/bfs/face/e32b31a07477297162e095c7f2d100a5e4098ed1.jpg,196,392536
52250,视角姬,男,http://i2.hdslb.com/bfs/face/851025ed4bc57ad6ae82a6314e72e249fd21d604.jpg,146,1489645
562197,中国BOY超级大猩猩,男,http://i2.hdslb.com/bfs/face/068939602dae190c86f6b36ca301281d7d8aa6d9.jpg,24,2898480
178362496,哔哩哔哩社区小管家,保密,http://i1.hdslb.com/bfs/face/9aacb5d03926f13ac7fafa2f7f725fbf1b6264cf.jpg,22,111668
7714,女孩为何穿短裙,保密,http://i0.hdslb.com/bfs/face/5ea9e99fe79418fff79f4601f13c855ce0f6162b.gif,179,1369531
26633150,wlop-,男,http://i0.hdslb.com/bfs/face/0acb122cfe2e1de1f33b5f3a96347ac40fbff880.jpg,15,957377
314791153,面筋哥-程书林,男,http://i0.hdslb.com/bfs/face/44fd943316e177fcf91ebde537bcff65f7a84515.jpg,32,1401755
10558098,黑镖客梦回,女,http://i1.hdslb.com/bfs/face/83c8bf808e662d02291a41ab5992541e2707a5d2.jpg,32,1706651
51766,茶几君梦二,男,http://i2.hdslb.com/bfs/face/e6e78e466e2ac95cc0d0585891c2f2e2283c72a8.gif,131,648177
15773384,bilibili电影,保密,http://i0.hdslb.com/bfs/face/60a9153609998b04301dc5b8ed44c41b537a2268.jpg,46,2523115
2884629,oeasy,保密,http://i2.hdslb.com/bfs/face/6c3f309bffd405eb67d65216544ada3178bced31.jpg,290,453967
585267,纯黑-克劳狄乌斯,保密,http://i0.hdslb.com/bfs/face/e8ab7b02d6576f4141ea857734b68b9dd35a5730.jpg,0,2527597
349991143,神SめあOfficial,女,http://i1.hdslb.com/bfs/face/49e143e1cae7f9e51b36c6c670976a95cc41ce12.jpg,130,296573
3380239,神奇的老皮,男,http://i2.hdslb.com/bfs/face/e7c191e9be6764107415069b36f7d9564f149c86.gif,72,1276317
1605721,允星河Yoseya,保密,http://i0.hdslb.com/bfs/face/7f1b5e66d2c9ed05ec1abca0506cea4770321176.jpg,127,1349836
9617619,哔哩哔哩直播,保密,http://i0.hdslb.com/bfs/face/58ca83240e58c3e6ce1ebb9828ce84f6f1b72863.jpg,64,892069
375375,伊丽莎白鼠,保密,http://i1.hdslb.com/bfs/face/6c36ec15f6d7ddd9bdb558511521bd0256779e1c.jpg,37,3629502
32786875,信誓蛋蛋,男,http://i2.hdslb.com/bfs/face/df0be0f1946581030cbaf34e3f66a996f0a1af4a.jpg,34,3401292
8960728,日食记官方,男,http://i0.hdslb.com/bfs/face/1300ff9c3e45014f54ab5bd3602790a378ce6ac4.jpg,8,1910731
913497,柚子又抽了,女,http://i0.hdslb.com/bfs/face/24e94ab1bd436e8b08c5e04f01cd0ad851fd240a.jpg,70,416958
125526,-LKs-,男,http://i1.hdslb.com/bfs/face/6bc7a2778be455273c82e45bfca55cb0f70c820b.jpg,76,580236
7875104,千户长生,男,http://i0.hdslb.com/bfs/face/e95d70855a666e33bcc40af99e02883da122185a.jpg,145,1364092
25876945,极客湾Geekerwan,男,http://i0.hdslb.com/bfs/face/d0f7a7ee34a4a45c8390eb3a07e4d7f2d70bae91.jpg,73,756030
79061224,刘老师说电影,男,http://i2.hdslb.com/bfs/face/145226ff2d32d7c99b8ea3591ffec2f38fc9d3d3.jpg,24,1314608
2735222,非桥段,保密,http://i1.hdslb.com/bfs/face/1a1b6a5cc15c3412feb7cb04ff8d900a2485e8a0.jpg,158,476711
1320523,饭帅fun,保密,http://i1.hdslb.com/bfs/face/1f8c1c2665d8c1cbb14c4dbe5e09d06f0e78e314.jpg,198,343982
132704,反犬TDog,男,http://i2.hdslb.com/bfs/face/a67f55bc71579fa5469f231ab2787a5a4573d511.jpg,18,262614
33683045,张召忠,男,http://i2.hdslb.com/bfs/face/e93bc7f0649f33fa63e5e0ee80be498796370401.jpg,4,1539604
1791101,鲁过一下,男,http://i1.hdslb.com/bfs/face/c6afc50b72f581a70e33908e777fcb851968db73.jpg,71,691869
730732,瓶子君152,男,http://i2.hdslb.com/bfs/face/ef8070a00162afaf5205e75a481085b4b33f4cee.jpg,103,1431654
34858100,瞎看什么,保密,http://i1.hdslb.com/bfs/face/ca58a72682f108d42a94aba4c72022750f0096ad.jpg,0,1027051
8047632,哔哩哔哩弹幕网,男,http://i0.hdslb.com/bfs/face/8aa6bd8cf269021ffa7a03f7a903ca899c11b7fb.jpg,62,1238175
3766866,科技美学,保密,http://i0.hdslb.com/bfs/face/f6f8dc53ddf3ba07c1f0dd3ad87fe92034198b81.jpg,196,1404900
374377,泪腺战士,保密,http://i2.hdslb.com/bfs/face/6b8adaeeed82750cea0bc55fa6278d9c5874bd7d.jpg,1,986369
893053,夏一可,女,http://i2.hdslb.com/bfs/face/f752483779863578672b75ccf3e1dba0e3b3d3a7.jpg,24,914367
38002736,故事王StoryMan,保密,http://i0.hdslb.com/bfs/face/b55679bd383423cb02f0992e44f19a68c6f5fd1b.jpg,101,514307
8934654,潇湘公子寻,男,http://i2.hdslb.com/bfs/face/a004cfeec6feb65fa421c9a4a49738999ab032de.jpg,53,220025
250858633,华农兄弟,男,http://i2.hdslb.com/bfs/face/bac504655c69ab937b0be4557e27535f794b0c66.jpg,9,2858018
26311441,一咸菊菊,保密,http://i1.hdslb.com/bfs/face/abc5d71494ea439bda8c31c3e406ac229011718e.jpg,69,423757
43976732,水蛭-JogsLeech,男,http://i0.hdslb.com/bfs/face/d96166751783e7517853f5dcc2a3cc6f3891710f.jpg,44,488861
59905809,哦呼w,男,http://i0.hdslb.com/bfs/face/57ead5621801ec8a637bc47754e00e9ae6e62888.gif,116,295514
684169,茶理理理子,女,http://i0.hdslb.com/bfs/face/557d3f4b8cee7d413714f48f9ec671c4c44e1e6c.gif,18,1160435
8679425,此物天下绝响,男,http://i0.hdslb.com/bfs/face/a7f5e58c033497c1c50522c967c09cc41e96f956.jpg,490,482472
9982481,右小死,男,http://i1.hdslb.com/bfs/face/4685228102e5476df9c8688b703dd963da267a67.jpg,1,290229
2733216,中二少年晓凯,男,http://i0.hdslb.com/bfs/face/271f72b05f82a0caf9b206c44f85ab678440e6f6.jpg,64,685327
313485,lieP9,保密,http://i2.hdslb.com/bfs/face/1a6fad308af233859a1697571b640417d144c0cd.jpg,225,178226
4856007,迷影社,保密,http://i1.hdslb.com/bfs/face/84f5b57fd1c7d61843a28a6b0c9cfecec034843a.jpg,35,1290367
138892,V.R.,男,http://i2.hdslb.com/bfs/face/af9e2a40bf51fa0b0f791ceddf46154e257e01cb.jpg,18,81144
32365949,聚印象视频,男,http://i0.hdslb.com/bfs/face/98e2202d8e2725fe3a4b7c3adafeb91764584bbb.jpg,46,1173522
1328260,哔哩哔哩游戏中心,女,http://i2.hdslb.com/bfs/face/c0ac22f7534504b35204c2fd190f07c1876ac032.jpg,209,1147791
2728123,抽风Crazy,男,http://i2.hdslb.com/bfs/face/04d92c0e30315e56e1365dc9ac2d2cf32e2fe039.jpg,49,1055669
168598,逍遥散人,男,http://i2.hdslb.com/bfs/face/d0dad8800774a4903547b1326d1fd927df47b4e9.jpg,45,2518033
21837784,阿斗归来了,男,http://i1.hdslb.com/bfs/face/598383a7cf959bc536d1ff076ccdfc30fc82a492.jpg,26,1468108
9008159,花花与三猫CatLive,女,http://i2.hdslb.com/bfs/face/1871c834255ffea531f699164e70f0daebc7558b.jpg,237,1762200
4408538,我是怪异君,男,http://i1.hdslb.com/bfs/face/4b3bdd3188d7b8b9200e16c70cba01c25b818a26.jpg,69,662819
7475950,豆砸OwO,女,http://i2.hdslb.com/bfs/face/b406d61c4ac775ad6c5d2547711850871be5fb39.jpg,101,461239
888465,暗猫の祝福,保密,http://i1.hdslb.com/bfs/face/98bd18ae6a3467162407eaf67cd098627e4c562b.jpg,148,517865
32708462,不动的ACG大图书馆,保密,http://i1.hdslb.com/bfs/face/22d0b79d11f0cf94fd250b9ede5f48caa8d93095.jpg,9,129688
332704117,白上吹雪Official,女,http://i0.hdslb.com/bfs/face/3b3f2cde975bf334e4f5948709e42b6569c0755d.jpg,15,456321
3066511,特效小哥studio,保密,http://i2.hdslb.com/bfs/face/6ec724a9cccb64d4e93dc1c25aea6608ac72abde.gif,0,439706
398510,泽野螳螂,保密,http://i2.hdslb.com/bfs/face/35c1fe7daaa055d8badd3832212f9a8024ed6550.jpg,80,1496567
19642758,力元君,男,http://i1.hdslb.com/bfs/face/b831ab8e458d7763d397c41f7b1298fe20a0d096.jpg,224,916949
38294246,抖抖村,保密,http://i0.hdslb.com/bfs/face/28c674fede1e474aa91180d0aa07737a3070d460.jpg,30,538812
748709,Chimera君,男,http://i2.hdslb.com/bfs/face/0cab6dd35dd1214978ec4c57f33dca516c63884c.jpg,1,620824
32820037,歪果仁研究协会,女,http://i2.hdslb.com/bfs/face/0ea49d2ad88658689eb31746c09f716c09581e4f.jpg,90,2001622
7349,STN工作室,男,http://i1.hdslb.com/bfs/face/c43e6cab13c9a0303cf8476cfd405cff61195726.jpg,86,1256370
174501086,哔哩哔哩会员购,保密,http://i0.hdslb.com/bfs/face/ba56c5cac0809c7f389f78b1e4dce4971ba07d52.jpg,120,1642779
1398957,树深时见鹿dear,男,http://i2.hdslb.com/bfs/face/d80bc2df53927a118c6530bcb40d295b266c7bc2.jpg,214,489813
120187282,哔哩哔哩动态,保密,http://i0.hdslb.com/bfs/face/e61ef9eb9c70869188d447ed0c8c669556e735af.jpg,391,293255
1774758,青衣才不是御姐呢,保密,http://i2.hdslb.com/bfs/face/4a9f93ec2b4f340e294b5e90ee79943f7f258258.jpg,300,646558
394067394,NathanRich火锅大王,男,http://i2.hdslb.com/bfs/face/f2d0fa88345e2f511ae518cc655da9ded11471a8.jpg,4,566332
14254182,黑椒墨鱼,男,http://i2.hdslb.com/bfs/face/e65f8d69db1840aab7ea82a04dd72b5b1a14169d.jpg,11,939577
433351,EdmundDZhang,男,http://i2.hdslb.com/bfs/face/5d94b9727a49815716cd66fc7ba3840382025c56.jpg,18,2194398
2403047,嘟督不噶油,男,http://i2.hdslb.com/bfs/face/34d7ccfe7fbfe16e2e764b7bd543d1bb566ff208.jpg,57,1896259
328303954,梢昂胫_nZk,保密,http://i0.hdslb.com/bfs/face/f19adef3fd0ec83234646ea39ca89790685a2cf4.jpg,0,845680
20503549,doyoudo,保密,http://i1.hdslb.com/bfs/face/24cc26323eab3b803222cc23424233486abee31e.jpg,20,645346
1351379,赫萝老师,男,http://i0.hdslb.com/bfs/face/f3776594fc0ff076bdfcc8fc4921327239a7150e.jpg,158,453576
185546,小可儿,男,http://i2.hdslb.com/bfs/face/4d7fbb6c47b097e297b958c8dc74287cd880fc4a.jpg,512,1208274
1770706,瞬间爆炸型LowSing,男,http://i1.hdslb.com/bfs/face/96c7ebd5ae8b0868bb0e2e533e993c306be40bad.jpg,163,865039
99157282,盗月社食遇记,保密,http://i2.hdslb.com/bfs/face/ab901fc0571698bb9f389798029c3fc4c0188311.jpg,80,1163836
2192108,王思妇丶,男,http://i0.hdslb.com/bfs/face/66ff1b32a6b480279e0c4812f820d247305ac05c.jpg,62,447934
20165629,共青团中央,保密,http://i2.hdslb.com/bfs/face/52e16dad8aa29b6214bbfadf702e83eeac34ad9f.jpg,228,2735968
4162287,渗透之C君,保密,http://i2.hdslb.com/bfs/face/623ccce0ab28b721edb61dd64749d91de18fb384.jpg,10,3732290
53456,Warma,女,http://i2.hdslb.com/bfs/face/32a43710a69155a5a90441ebedb6c05b63d2fd98.jpg,677,407563
20990353,努巴尼守望先锋,保密,http://i2.hdslb.com/bfs/face/358e0b207a9c6012778e4ad1b21356c91536e790.jpg,133,801134
2206456,花少北丶,男,http://i2.hdslb.com/bfs/face/86ef6895a8f88c80f2885e7eb9ba7989db437b93.jpg,32,1481483
67803,oneways,保密,http://i0.hdslb.com/bfs/face/1dda1337d9d15b218857dec6e360b14a825f0063.jpg,259,24841
3379951,ilem,男,http://i2.hdslb.com/bfs/face/2e25812e0ba75174c07fe9b61e68e20c66e89499.jpg,25,1027606
205795482,WillTV,保密,http://i2.hdslb.com/bfs/face/75fa421ef7ea98f4db159549a3e3d3830c62303b.jpg,23,137800
1643718,山下智博,男,http://i1.hdslb.com/bfs/face/b4b829bce2bb01c89a62a85e4d422e3d3abd0ae3.jpg,52,2335046
50329118,哔哩哔哩英雄联盟赛事,保密,http://i2.hdslb.com/bfs/face/f07c74fe2a020b33ab1035fea6d3338b6a6e6749.jpg,34,1965615
137952,依然小智,男,http://i0.hdslb.com/bfs/face/4c0602c552e1d5a1d5690bb2daada9257e87ef96.jpg,12,470359
11336264,TESTV官方频道,保密,http://i0.hdslb.com/bfs/face/34ccaf9461c67482e3164675c0036e94df18b7a7.jpg,70,963321
808171,吃素的狮子,男,http://i0.hdslb.com/bfs/face/249bfa1b3d3e0932f533bc5364964b132fe9c6c2.jpg,249,2111764
14110780,凉风Kaze,保密,http://i1.hdslb.com/bfs/face/e0cc906bb531195e9ee9f3b575effdd2b056eaea.jpg,1,2372570
17409016,爱做饭的芋头SAMA,保密,http://i0.hdslb.com/bfs/face/69c2df87253eabe27e8257dc827d186cceabc3f1.jpg,195,2100959
18030567,H萌团队,保密,http://i1.hdslb.com/bfs/face/51e99e5cb8831aa12b0fa1562cacd62f5d7963e9.jpg,60,524213
13297724,Gamker攻壳,保密,http://i0.hdslb.com/bfs/face/84eaf09e7e6996635d3d106ecd95adcbab9fad3f.jpg,29,320122
32708362,好吃的生活君,保密,http://i1.hdslb.com/bfs/face/3963215fff5d9890211695e21f045668d2b49d52.jpg,50,74096
321173469,哔哩哔哩大会员,保密,http://i1.hdslb.com/bfs/face/7266e09e212b2e5109465d877dfa9a58e4ba33d4.jpg,17,1181703
63231,泛式,男,http://i2.hdslb.com/bfs/face/5f60d345059b82f0878984d9f9133f45b33b82be.jpg,225,1736966
2306780,哔哩哔哩线下活动,保密,http://i1.hdslb.com/bfs/face/10c354765e8a1b3fa47fba1594edc866145bd79b.jpg,48,944294
259333,矮乐多Aliga,女,http://i1.hdslb.com/bfs/face/0839bca2c42fabd27e429cc3bd9c63e3cc00f180.jpg,24,514646
8034163,浅澄月,保密,http://i2.hdslb.com/bfs/face/512fd36e0fb24746f04aa1073ea89c1a2f91f7e1.jpg,182,648539
7584632,哔哩哔哩纪录片,男,http://i1.hdslb.com/bfs/face/33687c6c4707352cd25fac995cd416009830c917.jpg,68,1685634
883968,暴走漫画,保密,http://i1.hdslb.com/bfs/face/c93ff5df2cd0c0c9384b139c86d1a56a9540c9a2.jpg,10,4404487
946974,影视飓风,男,http://i0.hdslb.com/bfs/face/c1733474892caa45952b2c09a89323157df7129a.jpg,101,408221
123938419,嘻咦啊看,保密,http://i1.hdslb.com/bfs/face/170e1009846dd3ad8cdcd4050527b9cf2ecf67ab.jpg,5,2021832
223958603,2233卡菌,女,http://i0.hdslb.com/bfs/face/bff0af4874dce0d02fb285eaf3305a3938db79e5.jpg,36,601486
11278782,王咩阿,保密,http://i1.hdslb.com/bfs/face/dce221c5c508ca338eb0428a751e27b41ec7bfeb.jpg,184,1307023
1532165,papi酱,保密,http://i0.hdslb.com/bfs/face/e45a7b248f496fad8b32d3b9cfa0335339331798.jpg,44,4630542
234256,逗川kshadow,男,http://i1.hdslb.com/bfs/face/48002bccf8a74257e671b4077c655f5f5d277f87.jpg,54,1480046
4474705,孤独的美食基,男,http://i0.hdslb.com/bfs/face/df188387360d6ad90f9e36ac4aaea68ed9f3c9be.jpg,84,1414238
34149649,oh_emma,女,http://i0.hdslb.com/bfs/face/c4a4af21f355a236cfdfe6707b601f313ab0cc37.jpg,12,774033
290526283,美食作家王刚R,男,http://i2.hdslb.com/bfs/face/1463fa4ea6bffd867dc257dca87248bb1d671cde.jpg,7,1955479
5957440,曼食慢语,保密,http://i1.hdslb.com/bfs/face/49dab862b8acaf9a80a921df04c9532f1c826ebc.jpg,15,1216391
289887832,痴鸡小队官方,保密,http://i2.hdslb.com/bfs/face/25b9ca4626a41dbb249a2cf144b14200cb4c34e1.jpg,2,1747102
486183,排骨教主,保密,http://i2.hdslb.com/bfs/face/0c859785660c90cc8620f0a98d3b21cf91175de3.jpg,75,2201487
98627270,哔哩哔哩国创,保密,http://i2.hdslb.com/bfs/face/46f20c97ae0a8644ed1c21dcc014bf8390e2643b.jpg,86,365829
295723,★⑥|轮椤,男,http://i0.hdslb.com/bfs/face/ae16880a3ccba26a2461a04b31ab7f98061cc576.jpg,0,1318127
1473830,AIchannel搬运,男,http://i0.hdslb.com/bfs/face/546ef70f65037dc0fe7e05028f0dc2235102d14b.jpg,36,837819
37090048,哔哩哔哩创作中心,保密,http://i0.hdslb.com/bfs/face/01365904ffb64d1858da7e20e1040b9f2d94165d.jpg,643,651763
903988,reAct木子,男,http://i0.hdslb.com/bfs/face/938bdd3cc660e42e94d49436c85b3cfadb39c1d6.jpg,132,242946
375504219,-阿库娅Official,女,http://i0.hdslb.com/bfs/face/03c991afdd2bf3cfc9e84aa5ab9cc0dd8508693a.jpg,34,240037
7508296,疯猴pme,男,http://i0.hdslb.com/bfs/face/18682b6112011a85847dd5962d343689cb07f302.jpg,439,286676
24381,NOOB酱,女,http://i2.hdslb.com/bfs/face/886ddd78ff693b56acc43b9d18ce1203cedddc97.jpg,155,33481
11073,hanser,女,http://i1.hdslb.com/bfs/face/8d581e002b2f554c7c45be4ec57edf2028d0c92a.jpg,5,1142903
12434430,LinusTechTips,男,http://i2.hdslb.com/bfs/face/16377ca32f0b4b801bc760862893d8cb986facf3.jpg,3,468020
2859372,名作之壁吧,保密,http://i0.hdslb.com/bfs/face/dd4dd291d3e099038faa94408de06f3c8121ea46.jpg,44,329024
322892,痒局长,保密,http://i2.hdslb.com/bfs/face/bcdf640faa16ebaacea1d4c930baabaec9087a80.jpg,25,2078989
777536,LexBurner,男,http://i1.hdslb.com/bfs/face/2996e22a24eed2d7767e452627a9130207defe6a.jpg,21,4944521
617285,芒果冰OL,保密,http://i0.hdslb.com/bfs/face/f40b734ef61f95f8adb3beca5b7b693db399c50e.jpg,371,1142860
268104,吴织亚切大忽悠,保密,http://i1.hdslb.com/bfs/face/3b89afc4e25e534a8e4165952116aa9265ea201f.jpg,42,1790631
1577804,某幻君,男,http://i1.hdslb.com/bfs/face/9ed5ebf1e3694d9cd2b4fcd1d353759ee83b3dfe.jpg,28,3066807
4128618,大大大灯泡,男,http://i0.hdslb.com/bfs/face/0371cce85bd409a9fb03f4df131f50ae58810c08.jpg,144,576690
3589472,光学核心,男,http://i1.hdslb.com/bfs/face/a9692323c602c3d2abd9b81456797dbf8b255aaa.jpg,119,122518
2059591,性巴莎拉,男,http://i0.hdslb.com/bfs/face/af7f8558ae45d7922bc0120b2215245b1ed5aba9.jpg,1,170162
2948981,冷水煮乐器,男,http://i2.hdslb.com/bfs/face/39adb9d1e9968894e1750d2336e09b910dc1c64c.jpg,81,618527
113362335,宝剑嫂,男,http://i1.hdslb.com/bfs/face/b4be6527726b04049a066d5a073afd7c1a733ee6.jpg,212,1372960
295711424,神秘店长A,男,http://i0.hdslb.com/bfs/face/cdb729f3b5cb6dc9a0cb7cc9b8c63aebf1bc5b6b.jpg,125,1303221
1276787,稚嫩的魔法师,男,http://i2.hdslb.com/bfs/face/b49c6f4cc803048f38146061ee5f51027ab155c8.jpg,32,323797
17638509,星月兮,男,http://i1.hdslb.com/bfs/face/81b675feeaf219c7fa7e474857f69cb43433463d.jpg,52,199918
466272,机智的党妹,保密,http://i0.hdslb.com/bfs/face/d83e93dc9101cc0c416ca09ad33a63bdf3d26c6c.jpg,3,2199171
9824766,敬汉卿,男,http://i2.hdslb.com/bfs/face/a5c6005a27da6afd52021dc07423f7b4a78a466c.jpg,26,2155403
927587,木鱼水心,男,http://i1.hdslb.com/bfs/face/696df59d35c78430f1a0bdb6184558e7b7eb4a6e.jpg,37,2623520
2853209,发光的呆毛君,男,http://i2.hdslb.com/bfs/face/72eaa70efadf717af3f1366902abe17dc75f9f82.jpg,67,326789
15834498,拂H坊,男,http://i1.hdslb.com/bfs/face/59caded2aa9e6f0350ec41d4d57ad7c8835265b9.jpg,81,1400808
928123,哔哩哔哩番剧,男,http://i1.hdslb.com/bfs/face/60a9153609998b04301dc5b8ed44c41b537a2268.jpg,13,760612
14333871,吐嚎影院,男,http://i1.hdslb.com/bfs/face/e5476a4676c4227246f7ac51c2c77104c199a466.jpg,666,677051
30643878,野食小哥,男,http://i1.hdslb.com/bfs/face/e0610a26bc510770d997385fb81b9c47157a53c4.jpg,25,1403503
282994,泠鸢yousa,女,http://i0.hdslb.com/bfs/face/c45b540d71e56da8127b44c318c97fe4b7d46a4a.jpg,73,1514074
16794231,靠脸吃饭的徐大王,男,http://i2.hdslb.com/bfs/face/0e6e0f313a195e293d4ee6ae8ab86a3074abb315.jpg,82,2477095
17819768,电影最TOP,男,http://i1.hdslb.com/bfs/face/6b2ade215ea603b495648875c925172a863d16d4.jpg,7,1548220
27218150,刘哔电影,男,http://i1.hdslb.com/bfs/face/654ed89c763ca1f003cc2d0145e1ec444cc7f0e8.jpg,50,1376887
60614881,无聊的Do君,男,http://i0.hdslb.com/bfs/face/d00ef6d8ceea8edee3cd61e5e87bff036189a5bb.jpg,77,341901
110974,视频大拍档,男,http://i1.hdslb.com/bfs/face/4203adc619410acf170a93ecdf98c7cd5ce03c65.jpg,103,200181
208259,陈睿,男,http://i2.hdslb.com/bfs/face/8920e6741fc2808cce5b81bc27abdbda291655d3.png,220,757951
3481012,低调的帅爷,男,http://i0.hdslb.com/bfs/face/e42e975697d7237d96992210cf801ae5e87af354.jpg,358,399950
2019740,逆风笑,保密,http://i2.hdslb.com/bfs/face/f7cb40c40b013eebbbde6eaacd977c042f1a199f.jpg,7,1136574
1885078,nya酱的一生,保密,http://i0.hdslb.com/bfs/face/0c96e4cc4f86dd7e2a6c02aeba4c793ffc05068b.jpg,77,1174736
93066,N.ec鱼丸,男,http://i0.hdslb.com/bfs/face/46b65838ccbf63eead92062a3f0e8499fa8253c5.jpg,31,117784
3682229,长歌与小见见,女,http://i1.hdslb.com/bfs/face/04bf6928fcdb0452dee9e1aed6a6ff1becd51bcd.jpg,44,1355873
9099524,CarlyLee,女,http://i2.hdslb.com/bfs/face/6ad0e27720eeabd1c85873e82af5027a7994f911.jpg,345,82307
235555226,哔哩哔哩UP主执事,保密,http://i2.hdslb.com/bfs/face/ed26c26091e8190c8269cf98bdbde805211c2564.jpg,41,270062
419220,神奇陆夫人,男,http://i0.hdslb.com/bfs/face/ad2f08dd806b0da46039bb2fd737eb5855924c80.jpg,10,1166033
11805472,老湿alwayswet,男,http://i0.hdslb.com/bfs/face/4aa90f93f958b7ad67086c36ae8fd704702fddca.gif,5,313353
283538,冷面Lim,男,http://i0.hdslb.com/bfs/face/a52f915170f1f3bfbe8e1f59a5b512936669cade.jpg,125,652917
7596516,酒客小丑,男,http://i2.hdslb.com/bfs/face/1f8351decbab3440b11b776f816191a510074dc2.jpg,42,788404
546195,老番茄,男,http://i2.hdslb.com/bfs/face/bc5ca101313d4db223c395d64779e76eb3482d60.jpg,1,4138038
609687,Mr.Lemon,保密,http://i0.hdslb.com/bfs/face/9935e894ed4bf4cb56dd7b4784639981e0dc7cea.jpg,37,350683
11167,平安夜的噩梦,男,http://i1.hdslb.com/bfs/face/70496882569b76f480cb105e3c0555a2337f7ce3.jpg,406,131791
6171645,OELoop,男,http://i1.hdslb.com/bfs/face/6ed036381a0d0a86714816ac393dd9bf1b0bef21.jpg,90,866636
8578857,谷阿莫,男,http://i2.hdslb.com/bfs/face/e21784d061d071d70c201d10bd17c0c8bf4ff227.jpg,105,2323277
16307541,Vivekatt,女,http://i0.hdslb.com/bfs/face/22f84eb9aaee97dd707a584567ef0f3d887e6fea.jpg,42,1211351
40966108,倒悬的橘子,男,http://i1.hdslb.com/bfs/face/440968b6694576e931ed4ec61d699029d82bcbaa.jpg,516,654639
9717562,星际老男孩,女,http://i1.hdslb.com/bfs/face/7c5d421849f3e2596110902109a9b668112fd61d.jpg,15,392452
2929048,网易暴雪游戏视频,保密,http://i0.hdslb.com/bfs/face/d76892616d9e50a88016252f9ef2b2d73bfd4135.jpg,26,594368
23604445,上海滩许Van强,女,http://i2.hdslb.com/bfs/face/c2c9142bdb2cbe6778857c7f32377d946477b70d.jpg,126,434713
5374954,深海色带鱼,男,http://i2.hdslb.com/bfs/face/4ed404b24fa34bf8f4e05ebe383f80a186e63836.jpg,111,332557
11052822,终路之零,保密,http://i1.hdslb.com/bfs/face/9f24b41935f80b1de23a0550fd334ccd9edef937.jpg,208,7020
5055,小缘,女,http://i1.hdslb.com/bfs/face/d442b405ea18f1fff815084a73fe3a3abb5c1424.gif,55,1030444
15810,Mr.Quin,男,http://i1.hdslb.com/bfs/face/39e3a9dbc5c334f056ddcfd9ba6b4b27dda3411c.jpg,9,334093
13354765,徐大虾咯,男,http://i0.hdslb.com/bfs/face/f24ea395c75b7a73db57da2a2920f6e84c902082.jpg,29,1795798
19456751,文曰小强,保密,http://i1.hdslb.com/bfs/face/3334b589b9c8f647af6803fe925fa17e63b55067.jpg,17,905789
385474,彼望黑,保密,http://i1.hdslb.com/bfs/face/873415207ed01ee8347115137c39a748b39b1abc.jpg,42,600797
116683,=咬人猫=,保密,http://i0.hdslb.com/bfs/face/8fad84a4470f3d894d8f0dc95555ab8f2cb10a83.jpg,12,2334253
346059,小M呜喵王,女,http://i1.hdslb.com/bfs/face/763e8dc6dbbb7f73000581eac604f2df3e3ecd64.jpg,47,369436
548824,鸡鸡・夫斯基,男,http://i0.hdslb.com/bfs/face/5a2bf1243bce2403c7cd7b284882212492ee1370.jpg,146,501395
2989565,画画峰,保密,http://i0.hdslb.com/bfs/face/2d2b671761a89220e74086999b0f57d7e7a421b3.jpg,66,372907
423895,怕上火暴王老菊,保密,http://i2.hdslb.com/bfs/face/2edf4a4f534869a63158d13a4b6b9676d75f1e0a.jpg,70,1829132
221648,柚子木字幕组,保密,http://i2.hdslb.com/bfs/face/efea73cc25184c18e7b4fd2250bbbaa5845a4814.jpg,13,2985594
7487399,努力的Lorre,男,http://i1.hdslb.com/bfs/face/c63ebeed7d49967e2348ef953b539f8de90c5140.jpg,69,2017980
4079592,机核网,男,http://i2.hdslb.com/bfs/face/a3b09df441dc63ef5566b2d18ee3b0f63a188210.jpg,21,308918
143322,你看见我的id了,男,http://i2.hdslb.com/bfs/face/449c0b038e432343c24190a6781769a0fe3d9cdf.jpg,111,93653
216025,尕丶天堂,男,http://i1.hdslb.com/bfs/face/c3939771b1544cad8cbdad69fc1d39e6ed244473.jpg,108,1139894
284120,三无Marblue,保密,http://i0.hdslb.com/bfs/face/37a65dbc7fb0b57ccb8cd6a3a96e6bc5600c2719.jpg,57,1337797
500198,水王怀特金,男,http://i0.hdslb.com/bfs/face/90bb970051324e8a697482959fde274ce4cbf0e9.jpg,23,191144
178778949,英雄联盟,女,http://i0.hdslb.com/bfs/face/5a33aa59f15c454efe835f7f7beb3b2cee4ea2a6.jpg,113,939817
97177641,混乱博物馆,保密,http://i1.hdslb.com/bfs/face/f761ee92dc699b5f2a74314ccd86c18e44e9f318.jpg,5,427593
280793434,手工耿,保密,http://i2.hdslb.com/bfs/face/b8a75ae7d2a0e2af1d36ca9f1084d850eebb28e3.jpg,9,919263
6997378,仙女110,女,http://i0.hdslb.com/bfs/face/a98a257bb48d49bd3848d1fa8d7e254f0e7d0ec6.jpg,29,739830
196356191,翔翔大作战,男,http://i2.hdslb.com/bfs/face/1ad13832c10e8018dc8e0e7671a6b8594ddab0c0.jpg,41,1984563
288239,虐猫狂人薛定谔,男,http://i1.hdslb.com/bfs/face/b97d01f3e7e1d602cd8e9bad208d5e425c620195.jpg,25,389298
164139557,活蹦乱跳的肥,保密,http://i0.hdslb.com/bfs/face/457da7cf2bcae688f863632710cd01171a5ded24.jpg,60,1545234
161419374,山药视频,保密,http://i0.hdslb.com/bfs/face/357b015de3b9f4c04527d4fefb844460397ac8b0.jpg,38,1424905
8366990,-欣小萌-,女,http://i1.hdslb.com/bfs/face/b5aee8b711fd655c70d705678b4e350ae255a1d0.jpg,11,1154020
6574487,纳豆奶奶,女,http://i2.hdslb.com/bfs/face/0a8638b34173708fcf979bd1166fbb7fdb1110a4.jpg,12,1292956
1565155,起小点是大腿,男,http://i0.hdslb.com/bfs/face/94b65197150887e1bc1671be6598d7fd2ea3132b.jpg,122,2555698
6154152,戏精牡丹,保密,http://i0.hdslb.com/bfs/face/89fe5d23444cb7c7ef95ad9988e58983b7ac52cc.jpg,4,642643
4548018,扎双马尾的丧尸,女,http://i1.hdslb.com/bfs/face/5be61949369dd844cc459eab808da151d8c363d2.gif,78,876728
11357018,AnimeTamashii,保密,http://i2.hdslb.com/bfs/face/876bf5dfa8c583acb5f8689fc923077f6a2aba23.jpg,12,157490
31700507,游研社,女,http://i0.hdslb.com/bfs/face/203c33d00cc63ad2156754b8dae273e060c2e561.jpg,18,238847
176037767,我是郭杰瑞,男,http://i1.hdslb.com/bfs/face/6182455e4d61159121c223ddc7a3a381f2d4d056.jpg,22,2403313
391679,A路人,保密,http://i2.hdslb.com/bfs/face/c4022010115d00da6667a5cf799d5400067d7f66.jpg,0,2005650
122879,敖厂长,保密,http://i0.hdslb.com/bfs/face/156d5d3b3f4b66d940365b3b0e3a809e1fcc0d97.jpg,0,5032215
7792521,还有一天就放假了,男,http://i0.hdslb.com/bfs/face/30e515fc2ff5435a5cfb31c289e0bcef860bad1c.jpg,135,1210004
19071708,潮汕好男人,保密,http://i1.hdslb.com/bfs/face/2a4c1b3c2d8f48a58c5f818287c90a6ea78d7907.jpg,135,785241
